{
  "blo_score_v2": 2.421734001272261,
  "total_population": 1058032.5470737913,
  "pct_black": 9.472432311962582,
  "diversity_index": 0.32891281038322207,
  "life_expectancy": 77.73516731016737,
  "contamination": 8.767526188557614,
  "avg_weekly_wage": 1070.2045309508615,
  "median_income_black": 52492.932620320855,
  "median_home_value": 231973.55953905248,
  "median_property_tax": 2123.5384615384614,
  "homeownership_rate_black": 50.639627659574494,
  "poverty_rate_black": 29.441416791604198,
  "black_progress_index": 74.02361203465013
}